{
  "data": [
    {
      "id": 1,
      "name": "Erick Bárcenas",
      "descriptors": [
        [
          -0.10982045531272888,
          0.07582183927297592,
          0.04719804972410202,
          -0.06572218239307404,
          -0.03447897359728813,
          -0.07649590075016022,
          -0.032104529440402985,
          -0.046101637184619904,
          0.15074597299098969,
          -0.1038701981306076,
          0.19077706336975098,
          -0.04375987499952316,
          -0.19772636890411377,
          -0.12669649720191956,
          -0.004546688869595528,
          0.10546423494815826,
          -0.18527135252952576,
          -0.12464162707328796,
          -0.08383829146623611,
          -0.03952497988939285,
          0.12353315949440002,
          0.002855548867955804,
          0.0076691098511219025,
          0.10073233395814896,
          -0.1843448132276535,
          -0.3603678047657013,
          -0.05691596493124962,
          -0.12633897364139557,
          0.08528516441583633,
          -0.09963244199752808,
          -0.027625204995274544,
          -0.024218758568167686,
          -0.24432866275310516,
          -0.08859921991825104,
          -0.016511496156454086,
          0.0731373131275177,
          -0.041407741606235504,
          -0.042922329157590866,
          0.16930311918258667,
          0.034217625856399536,
          -0.24981176853179932,
          -0.0040977103635668755,
          -0.028321031481027603,
          0.25789380073547363,
          0.21300746500492096,
          0.1407938152551651,
          -0.005483176559209824,
          -0.05496307462453842,
          0.15842664241790771,
          -0.29146143794059753,
          0.1584703028202057,
          0.14207926392555237,
          0.1238400861620903,
          0.01839452050626278,
          0.13765674829483032,
          -0.11213205754756927,
          0.03567398712038994,
          0.13431529700756073,
          -0.3034825325012207,
          0.03498697280883789,
          0.018354706466197968,
          -0.036451153457164764,
          0.038188688457012177,
          -0.015921700745821,
          0.16719377040863037,
          0.0903690755367279,
          -0.1110897809267044,
          -0.05713009834289551,
          0.20671598613262177,
          -0.21408148109912872,
          -0.013299956917762756,
          0.0806366503238678,
          -0.02580704540014267,
          -0.20569021999835968,
          -0.3826406002044678,
          0.08911296725273132,
          0.4203840494155884,
          0.2315070778131485,
          -0.15041649341583252,
          0.0013268329203128815,
          -0.018020762130618095,
          -0.028043432161211967,
          0.13701008260250092,
          0.0875028446316719,
          -0.1260366141796112,
          0.0035694101825356483,
          -0.0702178105711937,
          0.02869834005832672,
          0.11393925547599792,
          0.04541812464594841,
          -0.05827197805047035,
          0.23459799587726593,
          -0.0030306000262498856,
          -0.020201444625854492,
          0.03736724331974983,
          0.03931799903512001,
          -0.16068387031555176,
          -0.013382517732679844,
          -0.09953766316175461,
          -0.015636198222637177,
          0.08528562635183334,
          0.008258053101599216,
          0.004337380640208721,
          0.16836842894554138,
          -0.15153686702251434,
          0.10932747274637222,
          -0.0530635304749012,
          -0.09501749277114868,
          -0.03267698362469673,
          0.017068300396203995,
          -0.13356201350688934,
          -0.10396184027194977,
          0.04181725159287453,
          -0.24548621475696564,
          0.13934428989887238,
          0.17820680141448975,
          0.015653107315301895,
          0.14578072726726532,
          0.07846919447183609,
          -0.0047162119299173355,
          0.044312067329883575,
          -0.06637449562549591,
          -0.1766597330570221,
          -0.093986377120018,
          0.13433539867401123,
          -0.026851773262023926,
          0.1185205727815628,
          -0.015314554795622826
        ]
        ]
    }
  ]
}
